k,auc,silhouette,calinski_harabasz,bootstrap_ari,stable,delta_auc
2,0.24080769373820377,0.011723700641121392,1.4488396465602065,0.037933967385512024,False,0.0
3,0.43257692482991095,0.07129113272141221,1.4239890165141653,0.020537244548194878,False,0.19176923109170718
4,0.5150384630052707,-0.007742416975273109,1.3858684479452381,-0.0033521160246456324,False,0.08246153817535973
5,0.5669871804710382,0.007718306852419157,1.4005698311691575,0.030940038351921197,False,0.05194871746576757
